model,device,model_size_mb,mean_latency_ms,p95_latency_ms,peak_memory_mb
lstm,cpu,0.7775840759277344,0.22599838000132877,0.252667650170224,
bilstm,cpu,0.8390970230102539,0.358792311992147,0.4057989500779513,
cnn_bilstm,cpu,1.0657310485839844,0.42256498799906694,0.46350549998805946,
gru,cpu,0.41190052032470703,0.5548201979909209,0.5892080999274185,
tcn,cpu,1.1749563217163086,0.8195102920080899,0.8496518497622672,
st_gcn,cpu,0.9841318130493164,2.792571777986268,2.8696931501144713,
