model,device,model_size_mb,mean_latency_ms,p95_latency_ms,peak_memory_mb
gru,cuda,0.41190052032470703,0.1271779039871035,0.13549400000556489,10.146484375
bilstm,cuda,0.8390970230102539,0.18926408799688943,0.2082441002812629,43.99365234375
lstm,cuda,0.7775840759277344,0.22068177801975253,0.22906354972747064,10.99169921875
cnn_bilstm,cuda,1.0657310485839844,0.24835809799697017,0.25588204975974804,44.2490234375
tcn,cuda,1.1749563217163086,0.36009010600264446,0.37670205035738036,10.5537109375
st_gcn,cuda,0.9841318130493164,0.5333014940024441,0.560308600074677,18.13134765625
