model,accuracy,f1_macro,f1_weighted,precision_weighted,recall_weighted
gru,0.9664804469273743,0.9671664339919125,0.9663248455279655,0.9675195671623916,0.9664804469273743
bilstm,0.9553072625698324,0.9575462101741956,0.9552342821128559,0.9582235428493882,0.9553072625698324
cnn_bilstm,0.9553072625698324,0.9585436735042172,0.9551540419912576,0.9575676271684799,0.9553072625698324
lstm,0.9497206703910615,0.952144807174659,0.950043919749833,0.9518400593819589,0.9497206703910615
tcn,0.9497206703910615,0.9529477815599641,0.9494603563383652,0.9527986678126342,0.9497206703910615
st_gcn,0.8715083798882681,0.8800739294183288,0.8678637304782929,0.8937133874652251,0.8715083798882681
